{
    "mes_details": [
        {
            "message": "hi",
            "polarity": 0.0,
            "subjectivity": 0.0
        },
        {
            "message": "i m not good",
            "polarity": -0.35,
            "subjectivity": 0.6000000000000001
        },
        {
            "message": "i m good",
            "polarity": 0.7,
            "subjectivity": 0.6000000000000001
        },
        {
            "message": "your age is good",
            "polarity": 0.7,
            "subjectivity": 0.6000000000000001
        },
        {
            "message": "i m not happy , how are you",
            "polarity": -0.4,
            "subjectivity": 1.0
        },
        {
            "message": "i m very proud to study in UNICAM",
            "polarity": 1.0,
            "subjectivity": 1.0
        },
        {
            "message": "I m very good",
            "polarity": 0.9099999999999999,
            "subjectivity": 0.7800000000000001
        },
        {
            "message": "this is good day",
            "polarity": 0.7,
            "subjectivity": 0.6000000000000001
        },
        {
            "message": "hi , I am very proud to study in UNICAM",
            "polarity": 1.0,
            "subjectivity": 1.0
        },
        {
            "message": "this is good day",
            "polarity": 0.7,
            "subjectivity": 0.6000000000000001
        },
        {
            "message": "how old are you my bot",
            "polarity": 0.1,
            "subjectivity": 0.2
        },
        {
            "message": "i hate you",
            "polarity": -0.8,
            "subjectivity": 0.9
        },
        {
            "message": "how are you my car",
            "polarity": 0.0,
            "subjectivity": 0.0
        },
        {
            "message": "thank you my car",
            "polarity": 0.0,
            "subjectivity": 0.0
        },
        {
            "message": "i hate this car",
            "polarity": -0.8,
            "subjectivity": 0.9
        },
        {
            "message": "i m very sad",
            "polarity": -0.65,
            "subjectivity": 1.0
        },
        {
            "message": "i am not very good",
            "polarity": -0.26923076923076916,
            "subjectivity": 0.46153846153846156
        },
        {
            "message": "how are you",
            "polarity": 0.0,
            "subjectivity": 0.0
        },
        {
            "message": "hi",
            "polarity": 0.0,
            "subjectivity": 0.0
        }
    ]
}